"history_id","match_ids","part_names","history_date","lifetime","load_cap","load_act","temp_act","changes"
"1.0","18.0","active_interface_module","2020-01-18 17:56:27","3.0277624E7","77.0","47.0","43.0","Yes"
"2.0","12.0","relay_emergency_block","2021-12-30 06:16:10","6417721.0","14.0","87.0","59.0","Yes"
"3.0","11.0","proximity_magnetic_sensor","2021-07-28 10:48:02","2.0159771E7","93.0","50.0","145.0","No"
"4.0","3.0","bus_transmitter","2021-04-30 12:58:54","2.0004355E7","84.0","9.0","51.0","Yes"
"5.0","7.0","relay_emergency_block","2020-06-27 21:30:13","2.8153019E7","22.0","87.0","72.0","No"
"6.0","10.0","fuse_holder","2020-11-06 22:58:19","1.0996733E7","38.0","20.0","148.0","Yes"
"7.0","7.0","encoder","2020-12-04 10:04:56","1.6908911E7","75.0","46.0","109.0","Yes"
"8.0","17.0","auxiliary_switch_block","2020-01-02 05:25:10","8584176.0","31.0","5.0","59.0","No"
"9.0","19.0","fan_motor","2021-02-24 15:18:06","1.0492189E7","57.0","39.0","51.0","Yes"
"10.0","8.0","ac_servo_synchronous_motor","2021-02-11 14:28:38","2.5536256E7","93.0","81.0","63.0","Yes"
"11.0","15.0","digital_input","2020-10-22 02:45:34","1.5145813E7","51.0","2.0","116.0","Yes"
"12.0","18.0","proximity_magnetic_sensor","2021-01-31 04:03:39","1.6257286E7","52.0","97.0","75.0","Yes"
"13.0","7.0","ac_servo_synchronous_motor","2021-07-14 15:51:26","7463584.0","2.0","7.0","46.0","Yes"
"14.0","9.0","computer","2020-11-24 01:49:15","3.1520782E7","78.0","45.0","44.0","No"
"15.0","13.0","switch_disconnector","2020-09-13 21:34:05","2.3187806E7","69.0","98.0","42.0","Yes"
"16.0","16.0","digital_input","2021-10-19 12:15:45","7962027.0","73.0","72.0","45.0","No"
"17.0","26.0","repeater","2020-06-06 10:10:12","2.2052909E7","67.0","3.0","92.0","Yes"
"18.0","11.0","single_motor_module","2020-09-24 20:59:10","1.7473329E7","22.0","52.0","42.0","Yes"
"19.0","14.0","analog_output","2020-07-05 18:33:01","2.3462335E7","51.0","93.0","65.0","Yes"
"20.0","12.0","single_motor_module","2021-11-11 14:19:03","5226029.0","17.0","11.0","68.0","No"
"21.0","3.0","auxiliary_switch_block","2021-09-10 11:41:50","2.9518427E7","71.0","7.0","147.0","No"
"22.0","7.0","transformator","2020-10-21 20:39:22","2.488627E7","4.0","47.0","101.0","No"
"23.0","3.0","proportional_valve","2020-12-28 22:45:04","1.3612663E7","83.0","67.0","95.0","Yes"
"24.0","10.0","auxiliary_switch_block","2020-12-17 18:29:15","1.9650904E7","56.0","97.0","141.0","No"
"25.0","26.0","interface_module","2021-12-20 15:51:56","3605668.0","8.0","91.0","134.0","Yes"
"26.0","28.0","relay_emergency_block","2020-08-31 05:11:19","3.0675161E7","49.0","27.0","92.0","Yes"
"27.0","11.0","encoder","2021-03-26 21:01:18","3.1485245E7","23.0","28.0","39.0","No"
"28.0","27.0","limit_switch","2021-04-23 02:04:29","1.6779558E7","70.0","23.0","71.0","Yes"
"29.0","14.0","air_conditioner_panel","2020-06-18 05:32:03","8458652.0","16.0","7.0","126.0","Yes"
"30.0","3.0","encoder","2021-06-20 09:24:36","2.485793E7","44.0","27.0","60.0","No"
"31.0","2.0","limit_switch","2021-11-14 12:18:44","3998309.0","52.0","14.0","117.0","No"
"32.0","5.0","circuit_breaker_motor_protection","2020-02-19 18:25:48","2.0669604E7","55.0","70.0","33.0","No"
"33.0","11.0","control_unit","2021-02-14 09:08:28","9437240.0","94.0","32.0","147.0","Yes"
"34.0","26.0","fuse_holder","2021-05-19 07:31:35","1.1083423E7","79.0","26.0","96.0","No"
"35.0","15.0","active_interface_module","2020-11-08 15:50:31","2.0778674E7","59.0","65.0","138.0","No"
"36.0","30.0","circuit_breaker_motor_protection","2021-08-31 06:21:10","1.2332749E7","66.0","74.0","50.0","Yes"
"37.0","31.0","digital_output","2020-07-07 03:28:05","6625687.0","28.0","33.0","144.0","No"
"38.0","24.0","interface_module","2020-10-30 02:36:45","1.1182852E7","77.0","76.0","86.0","Yes"
"39.0","13.0","contactor","2021-04-09 15:42:24","2.779692E7","47.0","41.0","61.0","Yes"
"40.0","7.0","fan_motor","2020-07-07 01:15:23","1.6536785E7","13.0","62.0","116.0","No"
"41.0","20.0","sensor_angle","2021-06-17 15:55:53","2.5259612E7","21.0","18.0","76.0","Yes"
"42.0","25.0","emergency_switch","2021-02-07 13:22:55","2.3559882E7","42.0","14.0","122.0","No"
"43.0","30.0","digital_input","2021-08-18 21:23:54","1.2355523E7","79.0","19.0","92.0","Yes"
"44.0","11.0","analog_input","2020-07-11 15:49:02","1.3255494E7","56.0","6.0","76.0","No"
"45.0","21.0","analog_output","2021-01-03 15:52:00","8057341.0","88.0","13.0","43.0","Yes"
"46.0","13.0","analog_input","2021-05-28 10:50:31","1.4235695E7","49.0","48.0","150.0","Yes"
"47.0","19.0","mcb_1_phase","2021-01-15 10:58:34","3283197.0","18.0","62.0","108.0","No"
"48.0","12.0","digital_output","2021-08-07 02:17:42","1.8874616E7","38.0","35.0","92.0","Yes"
"49.0","4.0","power_supply","2020-01-23 20:27:19","2.9779083E7","42.0","88.0","78.0","Yes"
"50.0","8.0","sensor_module_cabinet","2021-06-12 01:19:02","1.8192582E7","96.0","33.0","112.0","No"
"51.0","31.0","ac_induction_motor","2021-07-31 08:00:25","1.7750174E7","80.0","43.0","141.0","Yes"
"52.0","12.0","analog_output","2020-10-06 05:46:33","2.7617896E7","27.0","38.0","64.0","Yes"
"53.0","5.0","active_interface_module","2020-03-28 11:43:39","2.4213335E7","76.0","5.0","72.0","No"
"54.0","16.0","relay_emergency_block","2021-06-06 08:06:17","3.0812384E7","27.0","41.0","43.0","No"
"55.0","14.0","ac_induction_motor","2021-10-02 00:52:36","1.9747552E7","30.0","73.0","67.0","No"
"56.0","4.0","circuit_breaker_motor_protection","2021-03-30 12:13:41","1.3251752E7","58.0","77.0","78.0","No"
"57.0","24.0","control_unit","2021-12-25 22:51:14","2.8411144E7","53.0","95.0","49.0","No"
"58.0","8.0","interface_module","2021-10-09 23:35:19","2.469904E7","49.0","78.0","31.0","No"
"59.0","21.0","double_motor_module","2020-05-08 04:40:14","8040735.0","83.0","31.0","32.0","Yes"
"60.0","20.0","sensor_module_cabinet","2020-10-10 08:32:03","2.7427422E7","98.0","69.0","109.0","Yes"
"61.0","13.0","digital_output","2020-05-01 15:37:17","2.3028771E7","73.0","46.0","42.0","Yes"
"62.0","22.0","control_module_profibus","2020-07-15 16:45:31","1.9828525E7","82.0","11.0","47.0","No"
"63.0","30.0","fuse_holder","2021-02-10 09:17:48","6287299.0","25.0","11.0","56.0","Yes"
"64.0","3.0","fuse_holder","2020-10-18 04:05:48","9186032.0","19.0","34.0","48.0","Yes"
"65.0","10.0","power_supply","2021-08-03 08:10:47","3.0248318E7","65.0","58.0","66.0","Yes"
"66.0","22.0","gearbox","2020-10-23 04:43:55","9476003.0","75.0","84.0","45.0","Yes"
"67.0","11.0","selenoid_valve","2021-10-31 23:12:07","1.7928912E7","31.0","39.0","59.0","Yes"
"68.0","24.0","bus_transmitter","2020-02-03 03:13:22","1.581636E7","82.0","22.0","150.0","No"
"69.0","6.0","interface_module","2021-04-25 02:52:06","1.4502464E7","6.0","61.0","137.0","No"
"70.0","21.0","active_interface_module","2021-03-08 15:43:29","2.6262443E7","72.0","34.0","66.0","No"
"71.0","19.0","circuit_breaker_motor_protection","2020-07-13 08:16:04","2.2081986E7","87.0","49.0","131.0","Yes"
"72.0","3.0","gearbox","2020-03-17 15:27:11","1.6340144E7","85.0","23.0","85.0","No"
"73.0","22.0","relay_emergency_block","2020-11-24 22:01:14","2.4189958E7","44.0","36.0","46.0","Yes"
"74.0","23.0","contactor","2020-09-02 00:10:27","2.8178378E7","33.0","74.0","54.0","No"
"75.0","23.0","repeater","2021-10-01 22:12:40","2.437224E7","70.0","97.0","32.0","Yes"
"76.0","5.0","bus_transmitter","2020-11-30 04:50:34","1.0258066E7","61.0","47.0","88.0","Yes"
"77.0","28.0","nh_fuse","2020-07-05 10:09:19","2.1996716E7","80.0","94.0","67.0","No"
"78.0","29.0","proportional_valve","2020-09-17 05:11:42","1.1632739E7","32.0","55.0","57.0","Yes"
"79.0","13.0","auxiliary_switch_block","2021-08-31 17:27:13","2.3606159E7","42.0","19.0","48.0","No"
"80.0","19.0","computer","2020-10-27 08:13:55","4945952.0","16.0","33.0","130.0","Yes"
"81.0","19.0","ac_induction_motor","2020-03-15 20:15:54","2.4747718E7","54.0","4.0","33.0","Yes"
"82.0","29.0","digital_input","2021-08-14 02:02:30","3130081.0","7.0","90.0","42.0","No"
"83.0","31.0","nh_fuse","2020-10-18 23:07:15","1.727416E7","92.0","13.0","71.0","Yes"
"84.0","23.0","analog_input","2020-08-05 05:55:26","2.1507626E7","37.0","11.0","49.0","Yes"
"85.0","20.0","proportional_valve","2020-03-11 04:45:46","2.8416337E7","49.0","41.0","116.0","Yes"
"86.0","28.0","control_unit","2021-03-17 12:11:30","2.3468337E7","27.0","92.0","126.0","Yes"
"87.0","21.0","digital_input","2021-10-30 11:53:25","1.3748787E7","90.0","43.0","68.0","No"
"88.0","13.0","air_conditioner_panel","2020-12-20 09:26:55","5151750.0","8.0","10.0","73.0","Yes"
"89.0","3.0","ac_servo_synchronous_motor","2021-01-29 17:07:42","1.4769174E7","92.0","94.0","73.0","No"
"90.0","11.0","emergency_switch","2021-06-13 23:40:31","3.1165438E7","42.0","53.0","133.0","No"
"91.0","15.0","proximity_sensor","2020-02-22 20:20:31","7676703.0","98.0","33.0","131.0","Yes"
"92.0","10.0","active_line_module","2020-04-05 20:04:22","1.9432426E7","36.0","66.0","74.0","Yes"
"93.0","31.0","selenoid_valve","2020-06-16 20:47:16","2.1295471E7","45.0","96.0","111.0","Yes"
"94.0","18.0","proximity_magnetic_sensor","2020-05-09 00:06:47","1.575099E7","97.0","55.0","60.0","Yes"
"95.0","20.0","digital_input","2020-09-10 08:07:38","2.8963583E7","43.0","91.0","38.0","Yes"
"96.0","26.0","double_motor_module","2021-04-25 14:03:01","2768450.0","35.0","4.0","69.0","Yes"
"97.0","25.0","sensor_angle","2021-12-17 13:46:34","2.9231653E7","50.0","97.0","142.0","No"
"98.0","11.0","repeater","2021-01-06 12:35:54","1.9058142E7","16.0","40.0","64.0","No"
"99.0","16.0","interface_module","2020-08-27 10:46:53","2.5553255E7","24.0","3.0","137.0","Yes"
"100.0","23.0","analog_input","2021-05-15 05:43:17","9807691.0","73.0","73.0","45.0","Yes"
"101.0","8.0","circuit_breaker_motor_protection","2021-07-22 15:51:20","1.4017544E7","50.0","71.0","42.0","No"
"102.0","7.0","sensor_reflex","2021-10-18 05:16:51","1.5791576E7","35.0","69.0","97.0","No"
"103.0","27.0","single_motor_module","2020-02-11 17:45:21","7617877.0","98.0","19.0","88.0","No"
"104.0","17.0","limit_switch","2020-01-05 15:23:43","2.6556137E7","87.0","60.0","104.0","Yes"
"105.0","8.0","contactor","2021-01-10 07:34:08","2.9566547E7","17.0","59.0","148.0","No"
"106.0","21.0","limit_switch","2021-02-14 17:16:38","9419663.0","52.0","37.0","36.0","Yes"
"107.0","8.0","proximity_sensor","2020-08-05 23:03:08","2.1283583E7","13.0","68.0","74.0","Yes"
"108.0","15.0","sensor_angle","2020-07-11 07:02:36","1.3108238E7","91.0","20.0","98.0","No"
"109.0","21.0","analog_input","2020-07-25 12:10:29","9613912.0","58.0","56.0","117.0","No"
"110.0","18.0","single_motor_module","2020-03-20 03:46:33","2.5433685E7","60.0","56.0","64.0","Yes"
"111.0","15.0","active_interface_module","2020-03-04 23:03:14","1.3729922E7","55.0","91.0","107.0","No"
"112.0","17.0","power_supply","2021-12-19 22:35:57","1.7493652E7","32.0","96.0","101.0","Yes"
"113.0","28.0","digital_output","2020-03-19 13:45:18","1.7644264E7","98.0","60.0","106.0","No"
"114.0","30.0","line_reactor","2020-03-26 03:19:47","2.4814439E7","99.0","78.0","135.0","Yes"
"115.0","20.0","auxiliary_switch_block","2020-09-01 01:34:27","1.2940525E7","79.0","38.0","149.0","Yes"
"116.0","23.0","line_reactor","2020-08-01 06:26:10","1.8812802E7","7.0","86.0","55.0","Yes"
"117.0","10.0","circuit_breaker_motor_protection","2020-06-01 05:32:32","5406244.0","63.0","32.0","150.0","Yes"
"118.0","29.0","sensor_angle","2020-11-26 12:46:28","2.9859631E7","24.0","36.0","102.0","No"
"119.0","18.0","output_interface","2020-11-01 06:30:56","8388541.0","100.0","31.0","43.0","Yes"
"120.0","20.0","emergency_switch","2020-12-16 05:55:34","1.3264301E7","76.0","43.0","70.0","Yes"
"121.0","11.0","proportional_valve","2021-11-17 20:52:31","7318943.0","60.0","47.0","46.0","No"
"122.0","12.0","ac_induction_motor","2021-10-26 09:56:19","1.6197322E7","46.0","11.0","83.0","No"
"123.0","7.0","switch_disconnector","2020-02-28 18:44:41","1.0276708E7","76.0","41.0","137.0","No"
"124.0","16.0","ac_induction_motor","2020-05-12 11:58:28","8267465.0","57.0","22.0","39.0","Yes"
"125.0","5.0","selenoid_valve","2020-09-07 14:14:17","6120156.0","35.0","65.0","71.0","Yes"
"126.0","31.0","single_motor_module","2021-09-03 17:33:34","1.8543166E7","34.0","26.0","63.0","Yes"
"127.0","19.0","limit_switch","2020-03-07 00:35:53","2.282018E7","99.0","18.0","115.0","No"
"128.0","14.0","gearbox","2021-04-20 03:24:09","1.162011E7","89.0","24.0","97.0","Yes"
"129.0","20.0","bus_transmitter","2020-04-20 20:26:01","5545280.0","39.0","28.0","73.0","Yes"
"130.0","21.0","proximity_sensor","2021-02-07 00:41:12","2.0510794E7","67.0","26.0","53.0","Yes"
"131.0","24.0","fan_motor","2020-12-19 14:05:26","1.7917379E7","17.0","20.0","122.0","Yes"
"132.0","2.0","limit_switch","2021-04-19 07:27:20","1.8843865E7","38.0","80.0","86.0","No"
"133.0","27.0","digital_output","2021-01-28 15:21:36","1.6798579E7","80.0","85.0","34.0","Yes"
"134.0","8.0","circuit_breaker_motor_protection","2021-08-06 14:11:13","2.6594076E7","83.0","17.0","44.0","Yes"
"135.0","25.0","limit_switch","2021-01-03 14:32:16","6831635.0","24.0","31.0","126.0","No"
"136.0","5.0","digital_output","2020-04-19 18:37:15","9160255.0","69.0","25.0","50.0","Yes"
"137.0","30.0","encoder","2021-08-26 03:15:07","2.7227564E7","38.0","99.0","118.0","No"
"138.0","24.0","computer","2020-08-18 00:11:09","6521194.0","74.0","37.0","146.0","Yes"
"139.0","3.0","digital_input","2021-08-29 09:22:23","3810268.0","14.0","82.0","58.0","No"
"140.0","9.0","analog_output","2021-07-21 09:15:38","1.4817882E7","39.0","6.0","105.0","Yes"
"141.0","6.0","selenoid_valve","2020-05-27 20:27:07","1.2168378E7","95.0","83.0","54.0","No"
"142.0","29.0","bus_transmitter","2020-02-18 08:00:03","2.8087963E7","15.0","23.0","102.0","Yes"
"143.0","31.0","ac_servo_synchronous_motor","2020-04-10 13:32:18","2.8551683E7","16.0","42.0","52.0","Yes"
"144.0","28.0","gearbox","2021-03-08 22:38:08","3.0321851E7","35.0","98.0","118.0","Yes"
"145.0","11.0","nh_fuse","2020-02-21 21:23:47","2.6048866E7","49.0","84.0","36.0","No"
"146.0","18.0","contactor","2021-07-06 19:35:13","2.6540057E7","21.0","27.0","135.0","Yes"
"147.0","27.0","encoder","2021-10-17 21:40:19","1.0380289E7","100.0","16.0","63.0","Yes"
"148.0","17.0","digital_output","2021-06-29 10:58:30","1.9009305E7","52.0","19.0","149.0","Yes"
"149.0","26.0","emergency_switch","2021-06-23 09:09:53","1.9142934E7","29.0","37.0","33.0","Yes"
"150.0","15.0","interface_module","2021-12-26 14:45:03","3.1270285E7","61.0","72.0","57.0","Yes"
"151.0","29.0","control_unit","2020-01-14 07:52:05","1.990359E7","48.0","51.0","127.0","No"
"152.0","9.0","contactor","2021-06-29 09:11:39","1.7472212E7","19.0","82.0","62.0","Yes"
"153.0","19.0","sensor_reflex","2021-10-17 21:30:54","5082382.0","10.0","12.0","102.0","Yes"
"154.0","28.0","double_motor_module","2020-12-04 07:12:56","2.4263893E7","83.0","20.0","80.0","Yes"
"155.0","18.0","analog_output","2021-11-03 11:41:13","2.3777032E7","62.0","87.0","72.0","No"
"156.0","6.0","switch_disconnector","2020-04-29 00:56:14","1.8046418E7","13.0","12.0","105.0","Yes"
"157.0","4.0","single_motor_module","2020-04-22 20:16:43","1.1037307E7","46.0","52.0","124.0","No"
"158.0","10.0","ac_servo_synchronous_motor","2021-03-08 02:34:02","9187352.0","31.0","3.0","59.0","No"
"159.0","11.0","bus_transmitter","2021-05-25 15:43:46","2.643996E7","3.0","47.0","61.0","No"
"160.0","22.0","digital_output","2021-03-09 22:40:56","4304675.0","52.0","11.0","56.0","No"
"161.0","20.0","digital_output","2021-03-29 01:33:55","1.3276401E7","17.0","95.0","41.0","No"
"162.0","26.0","proximity_magnetic_sensor","2020-01-02 05:56:27","2.7263127E7","82.0","24.0","73.0","Yes"
"163.0","22.0","limit_switch","2020-01-14 18:21:20","3.0891831E7","83.0","58.0","65.0","No"
"164.0","12.0","repeater","2021-07-31 08:39:57","1.9338589E7","64.0","57.0","96.0","Yes"
"165.0","30.0","computer","2021-04-14 07:29:13","5311282.0","6.0","38.0","79.0","Yes"
"166.0","15.0","fan_motor","2020-10-14 14:38:40","1.0938301E7","58.0","99.0","88.0","No"
"167.0","7.0","nh_fuse","2020-09-21 19:47:45","6603858.0","97.0","51.0","91.0","Yes"
"168.0","16.0","interface_module","2021-05-23 19:54:39","2.7574803E7","26.0","53.0","74.0","No"
"169.0","23.0","emergency_switch","2020-02-17 16:38:16","8303224.0","74.0","60.0","41.0","No"
"170.0","4.0","digital_output","2020-03-29 16:51:13","2.7948913E7","58.0","91.0","110.0","No"
"171.0","4.0","switch_disconnector","2020-03-13 19:45:00","1.4759065E7","43.0","19.0","107.0","No"
"172.0","2.0","sensor_angle","2021-08-09 19:22:55","2.2747738E7","45.0","41.0","49.0","Yes"
"173.0","27.0","auxiliary_switch_block","2020-07-12 11:29:03","2.9466089E7","24.0","24.0","70.0","No"
"174.0","22.0","circuit_breaker_motor_protection","2021-08-18 20:26:04","2830344.0","43.0","57.0","40.0","Yes"
"175.0","11.0","fan_motor","2020-03-08 13:11:02","3.0452155E7","12.0","29.0","34.0","No"
"176.0","6.0","bus_transmitter","2021-07-06 23:22:57","2.9608436E7","66.0","97.0","56.0","No"
"177.0","12.0","bus_transmitter","2020-04-01 07:53:35","3261804.0","31.0","55.0","88.0","No"
"178.0","15.0","control_unit","2021-07-29 07:00:23","3.0016276E7","79.0","89.0","45.0","Yes"
"179.0","23.0","interface_module","2020-08-26 00:41:16","2.7534233E7","53.0","31.0","105.0","No"
"180.0","3.0","digital_input","2021-09-19 04:48:38","9012355.0","52.0","48.0","148.0","Yes"
"181.0","2.0","limit_switch","2021-10-31 23:30:08","1.046893E7","45.0","17.0","57.0","Yes"
"182.0","20.0","active_line_module","2021-01-22 08:33:14","1.8476643E7","24.0","35.0","88.0","No"
"183.0","5.0","air_conditioner_panel","2020-02-22 02:11:36","7118463.0","30.0","40.0","80.0","Yes"
"184.0","2.0","switch_disconnector","2020-01-15 22:45:06","2779713.0","26.0","27.0","90.0","Yes"
"185.0","27.0","output_interface","2020-05-09 22:10:52","3.0768194E7","63.0","18.0","116.0","No"
"186.0","21.0","limit_switch","2021-09-11 20:48:31","2.7916415E7","18.0","33.0","101.0","Yes"
"187.0","21.0","relay_emergency_block","2021-09-14 20:47:14","8560523.0","76.0","29.0","84.0","No"
"188.0","20.0","contactor","2021-07-12 03:59:47","2.3693005E7","43.0","46.0","38.0","No"
"189.0","7.0","active_line_module","2021-10-11 08:59:37","3.0751908E7","31.0","67.0","150.0","Yes"
"190.0","4.0","encoder","2021-07-08 20:06:51","1.4455797E7","100.0","65.0","130.0","No"
"191.0","12.0","power_supply","2021-05-05 23:18:38","2.5726821E7","53.0","32.0","134.0","No"
"192.0","2.0","emergency_switch","2021-01-06 05:51:37","2.6761076E7","15.0","27.0","106.0","No"
"193.0","13.0","switch_disconnector","2021-08-10 21:20:48","2.0736171E7","6.0","2.0","57.0","No"
"194.0","16.0","analog_output","2020-11-12 06:26:42","7715375.0","23.0","89.0","121.0","No"
"195.0","22.0","interface_module","2020-11-21 05:50:33","2971038.0","65.0","4.0","39.0","Yes"
"196.0","27.0","ac_induction_motor","2020-02-03 01:16:17","4616544.0","12.0","99.0","96.0","Yes"
"197.0","5.0","control_unit","2020-09-29 17:14:55","2.6800737E7","83.0","34.0","32.0","Yes"
"198.0","16.0","nh_fuse","2021-12-21 20:07:59","4011750.0","42.0","95.0","44.0","Yes"
"199.0","13.0","double_motor_module","2020-10-02 01:54:24","6061711.0","9.0","29.0","90.0","No"
"200.0","21.0","proximity_magnetic_sensor","2020-09-16 16:04:41","1.3068515E7","78.0","57.0","110.0","No"
"201.0","10.0","ac_servo_synchronous_motor","2021-04-24 11:55:28","1.1823304E7","82.0","47.0","50.0","No"
"202.0","25.0","limit_switch","2020-01-15 21:26:54","9481869.0","2.0","12.0","62.0","No"
"203.0","28.0","single_motor_module","2021-02-04 02:37:25","1.3939035E7","69.0","22.0","54.0","Yes"
"204.0","5.0","selenoid_valve","2021-09-02 09:39:59","3806109.0","37.0","7.0","50.0","Yes"
"205.0","23.0","ac_servo_synchronous_motor","2021-05-05 02:20:09","3.0190667E7","51.0","6.0","53.0","No"
"206.0","27.0","ac_servo_synchronous_motor","2021-04-02 16:43:29","4826877.0","67.0","89.0","101.0","Yes"
"207.0","17.0","output_interface","2021-01-23 10:15:25","2.3999038E7","75.0","47.0","40.0","No"
"208.0","20.0","transformator","2021-04-13 16:54:04","1.6636838E7","94.0","55.0","93.0","No"
"209.0","3.0","bus_transmitter","2020-02-23 17:47:05","2.6869502E7","28.0","67.0","146.0","No"
"210.0","16.0","analog_input","2021-01-22 08:27:09","2.544573E7","45.0","6.0","121.0","Yes"
"211.0","12.0","analog_output","2021-02-24 18:48:26","7686599.0","16.0","97.0","67.0","No"
"212.0","4.0","circuit_breaker_motor_protection","2021-05-21 07:13:35","1.9875275E7","32.0","71.0","68.0","Yes"
"213.0","11.0","gearbox","2021-08-24 00:05:28","3781390.0","100.0","82.0","59.0","Yes"
"214.0","13.0","auxiliary_switch_block","2020-01-17 09:12:38","3.0873532E7","88.0","92.0","61.0","Yes"
"215.0","27.0","double_motor_module","2020-03-03 15:46:12","1.1804287E7","35.0","32.0","131.0","Yes"
"216.0","8.0","digital_input","2020-08-12 12:28:05","2.2657471E7","13.0","34.0","127.0","No"
"217.0","20.0","single_motor_module","2020-05-21 16:27:08","8087160.0","49.0","85.0","142.0","Yes"
"218.0","22.0","fan_motor","2021-03-21 16:38:48","1.1916425E7","8.0","37.0","57.0","Yes"
"219.0","26.0","ac_induction_motor","2021-03-28 11:00:19","1.9092381E7","34.0","64.0","36.0","Yes"
"220.0","18.0","digital_output","2021-03-19 02:52:56","1.6607114E7","27.0","19.0","100.0","No"
"221.0","18.0","single_motor_module","2021-09-18 07:09:09","7695206.0","86.0","73.0","57.0","Yes"
"222.0","29.0","sensor_angle","2021-05-23 21:25:32","2.1024175E7","65.0","62.0","126.0","No"
"223.0","10.0","air_conditioner_panel","2021-03-01 18:27:27","2.5347584E7","87.0","42.0","127.0","No"
"224.0","19.0","computer","2020-08-27 21:06:05","4754757.0","12.0","55.0","110.0","No"
"225.0","11.0","proximity_magnetic_sensor","2020-09-22 21:12:17","1.9830069E7","46.0","62.0","44.0","Yes"
"226.0","29.0","single_motor_module","2021-12-29 19:43:57","2.3004398E7","6.0","94.0","80.0","No"
"227.0","29.0","proportional_valve","2020-01-11 08:10:58","1.3651388E7","15.0","76.0","81.0","No"
"228.0","22.0","proximity_sensor","2021-07-23 13:47:03","3854550.0","47.0","61.0","87.0","No"
"229.0","27.0","fuse_holder","2021-01-23 21:38:42","5670782.0","74.0","59.0","129.0","Yes"
"230.0","2.0","digital_output","2020-02-10 06:04:58","1.0462353E7","57.0","99.0","130.0","Yes"
"231.0","17.0","analog_input","2021-04-24 20:10:01","1.0602579E7","64.0","17.0","142.0","Yes"
"232.0","26.0","fan_motor","2021-10-20 12:35:02","2.659987E7","52.0","79.0","76.0","Yes"
"233.0","24.0","proximity_magnetic_sensor","2021-03-13 12:10:19","9096603.0","11.0","19.0","97.0","No"
"234.0","28.0","circuit_breaker_motor_protection","2020-07-10 10:15:25","5557629.0","67.0","83.0","106.0","No"
"235.0","14.0","line_reactor","2020-02-13 04:51:10","4095140.0","47.0","28.0","86.0","No"
"236.0","22.0","proximity_sensor","2020-03-04 09:13:46","1.5689758E7","77.0","37.0","128.0","Yes"
"237.0","11.0","analog_output","2020-01-03 10:33:03","3.0025219E7","92.0","88.0","68.0","Yes"
"238.0","27.0","control_module_profibus","2021-06-02 18:37:17","2.4828196E7","9.0","39.0","143.0","No"
"239.0","26.0","analog_input","2021-09-28 19:06:37","5908022.0","90.0","22.0","60.0","No"
"240.0","16.0","sensor_angle","2020-08-22 21:50:47","1.4863433E7","87.0","97.0","94.0","No"
"241.0","21.0","switch_disconnector","2021-01-28 23:07:17","2.6425539E7","20.0","77.0","96.0","Yes"
"242.0","3.0","proportional_valve","2021-07-27 23:53:01","4556867.0","11.0","60.0","118.0","No"
"243.0","30.0","sensor_angle","2020-06-12 01:25:41","4088055.0","65.0","25.0","130.0","Yes"
"244.0","11.0","bus_transmitter","2021-09-15 06:08:49","5923381.0","35.0","93.0","116.0","Yes"
"245.0","5.0","repeater","2020-12-26 12:36:41","2.2940178E7","47.0","38.0","93.0","No"
"246.0","7.0","mcb_1_phase","2021-05-04 19:35:40","1.0741695E7","100.0","20.0","149.0","No"
"247.0","18.0","bus_transmitter","2021-08-19 17:04:00","3.0377067E7","70.0","37.0","43.0","Yes"
"248.0","25.0","contactor","2020-07-20 08:47:00","8897328.0","81.0","29.0","91.0","No"
"249.0","1.0","analog_output","2020-09-05 00:23:32","3.0274868E7","78.0","84.0","127.0","No"
"250.0","16.0","encoder","2021-12-24 16:08:31","1.2649079E7","77.0","86.0","129.0","Yes"
"251.0","22.0","proximity_sensor","2021-09-15 10:08:26","3.0798863E7","22.0","89.0","144.0","Yes"
"252.0","18.0","sensor_angle","2020-01-04 02:42:11","8533709.0","85.0","70.0","103.0","No"
"253.0","16.0","relay_emergency_block","2020-08-22 13:17:46","2.6104051E7","95.0","24.0","33.0","Yes"
"254.0","13.0","output_interface","2020-05-28 09:39:00","1.1028894E7","56.0","92.0","42.0","Yes"
"255.0","26.0","double_motor_module","2020-04-16 06:14:08","2.1467687E7","37.0","41.0","111.0","No"
"256.0","20.0","auxiliary_switch_block","2020-05-13 11:03:35","1.739198E7","31.0","54.0","83.0","No"
"257.0","8.0","control_module_profibus","2021-05-24 09:02:26","6650687.0","29.0","57.0","75.0","Yes"
"258.0","30.0","power_supply","2021-05-28 06:06:23","6287230.0","32.0","61.0","62.0","Yes"
"259.0","15.0","switch_disconnector","2020-01-03 13:55:11","2.0903201E7","32.0","45.0","82.0","Yes"
"260.0","14.0","relay_emergency_block","2021-10-24 22:34:22","2.4156742E7","78.0","93.0","140.0","Yes"
"261.0","25.0","computer","2020-02-02 01:01:30","1.2961021E7","90.0","15.0","36.0","Yes"
"262.0","22.0","selenoid_valve","2021-11-10 09:50:35","1.7540112E7","66.0","25.0","145.0","Yes"
"263.0","3.0","switch_disconnector","2020-04-12 04:13:40","2.3419534E7","48.0","90.0","87.0","Yes"
"264.0","14.0","transformator","2020-07-15 20:59:55","2.5748382E7","49.0","45.0","91.0","No"
"265.0","13.0","interface_module","2021-12-19 12:00:19","7306371.0","82.0","77.0","117.0","Yes"
"266.0","20.0","control_module_profibus","2021-01-05 14:32:01","2.3697986E7","79.0","60.0","69.0","No"
"267.0","17.0","proportional_valve","2020-08-18 23:20:43","8973788.0","65.0","58.0","86.0","No"
"268.0","9.0","relay_emergency_block","2021-04-15 16:26:17","3.0092136E7","9.0","83.0","105.0","Yes"
"269.0","27.0","power_supply","2020-08-26 10:56:18","1.8944572E7","96.0","41.0","72.0","No"
"270.0","2.0","proximity_magnetic_sensor","2020-03-08 16:10:34","1.9880984E7","68.0","61.0","47.0","Yes"
"271.0","15.0","relay_emergency_block","2021-09-04 02:59:01","2.7714483E7","35.0","41.0","99.0","No"
"272.0","29.0","sensor_reflex","2020-03-14 07:02:24","3.069749E7","9.0","22.0","125.0","Yes"
"273.0","3.0","control_module_profibus","2020-04-20 04:58:16","1.9897167E7","80.0","28.0","87.0","Yes"
"274.0","10.0","active_interface_module","2020-09-15 03:35:09","3.0599968E7","59.0","74.0","68.0","No"
"275.0","4.0","bus_transmitter","2020-09-17 00:51:58","2737932.0","65.0","97.0","83.0","Yes"
"276.0","2.0","selenoid_valve","2021-06-10 22:50:57","2.9860449E7","72.0","72.0","64.0","No"
"277.0","31.0","contactor","2021-07-17 12:57:35","2.1492145E7","15.0","19.0","98.0","No"
"278.0","20.0","power_supply","2020-08-29 14:11:53","2.3762366E7","93.0","61.0","38.0","Yes"
"279.0","9.0","double_motor_module","2021-12-08 06:51:20","2.2553719E7","10.0","55.0","40.0","No"
"280.0","16.0","interface_module","2021-03-02 18:04:30","9789960.0","44.0","59.0","84.0","No"
"281.0","29.0","bus_transmitter","2020-01-13 03:29:16","1.7231346E7","48.0","64.0","119.0","Yes"
"282.0","27.0","sensor_angle","2020-01-25 23:31:24","2.1732634E7","20.0","18.0","108.0","No"
"283.0","22.0","proximity_sensor","2020-06-21 16:41:41","1.3758206E7","16.0","43.0","51.0","No"
"284.0","27.0","analog_input","2020-12-28 12:50:00","1.6416907E7","31.0","35.0","134.0","No"
"285.0","13.0","interface_module","2020-01-27 14:43:59","4916165.0","23.0","92.0","97.0","No"
"286.0","23.0","digital_output","2021-11-29 00:44:14","4099821.0","40.0","91.0","119.0","Yes"
"287.0","22.0","active_interface_module","2020-11-12 00:03:39","2.796732E7","58.0","36.0","106.0","Yes"
"288.0","4.0","digital_output","2021-09-07 00:11:08","2.8993341E7","99.0","66.0","61.0","Yes"
"289.0","3.0","encoder","2020-02-17 05:08:40","2.3827573E7","66.0","2.0","141.0","No"
"290.0","17.0","analog_output","2020-10-23 21:42:54","1.3548752E7","12.0","12.0","63.0","No"
"291.0","19.0","emergency_switch","2020-12-05 17:43:25","2.5021048E7","82.0","58.0","132.0","Yes"
"292.0","16.0","ac_induction_motor","2020-08-19 06:55:05","1.7116892E7","36.0","34.0","128.0","No"
"293.0","31.0","auxiliary_switch_block","2020-01-19 02:05:59","5386880.0","98.0","82.0","102.0","Yes"
"294.0","8.0","mcb_1_phase","2020-01-28 01:42:09","1.9204843E7","25.0","77.0","108.0","Yes"
"295.0","19.0","fuse_holder","2020-11-19 01:59:06","5386094.0","27.0","60.0","56.0","Yes"
"296.0","10.0","selenoid_valve","2020-06-29 03:14:39","2.8623284E7","12.0","77.0","132.0","No"
"297.0","1.0","contactor","2021-11-05 02:50:24","2.3042279E7","42.0","38.0","66.0","Yes"
"298.0","24.0","air_conditioner_panel","2021-03-08 17:18:04","8019200.0","37.0","36.0","77.0","No"
"299.0","20.0","gearbox","2020-01-25 19:26:37","2.7985631E7","85.0","32.0","72.0","Yes"
"300.0","29.0","bus_transmitter","2021-04-15 04:52:37","9098200.0","67.0","19.0","135.0","Yes"
"301.0","26.0","auxiliary_switch_block","2020-03-27 16:18:59","2.263381E7","9.0","83.0","59.0","No"
"302.0","16.0","ac_servo_synchronous_motor","2020-09-05 05:13:08","2.603011E7","100.0","62.0","53.0","Yes"
"303.0","17.0","circuit_breaker_motor_protection","2021-02-08 21:54:43","1.3466415E7","64.0","87.0","130.0","Yes"
"304.0","21.0","interface_module","2021-11-26 13:03:52","8754450.0","88.0","86.0","41.0","Yes"
"305.0","4.0","circuit_breaker_motor_protection","2020-03-26 04:53:45","2.2609926E7","29.0","57.0","66.0","No"
"306.0","5.0","single_motor_module","2021-05-31 11:12:24","2.7006617E7","34.0","8.0","66.0","Yes"
"307.0","7.0","emergency_switch","2021-03-22 19:14:43","2862489.0","70.0","9.0","51.0","No"
"308.0","31.0","sensor_angle","2020-06-02 11:07:45","1.0833527E7","32.0","88.0","129.0","Yes"
"309.0","5.0","power_supply","2020-09-13 08:10:04","1.8334795E7","68.0","3.0","146.0","No"
"310.0","17.0","control_unit","2021-01-15 17:31:25","2.5015626E7","11.0","96.0","117.0","No"
"311.0","21.0","encoder","2020-04-16 08:07:04","1.4260361E7","11.0","43.0","52.0","Yes"
"312.0","22.0","analog_input","2020-03-26 04:13:47","1.3549829E7","82.0","54.0","135.0","No"
"313.0","17.0","gearbox","2020-09-01 12:22:57","8647734.0","7.0","98.0","146.0","Yes"
"314.0","6.0","sensor_module_cabinet","2021-06-10 20:04:24","2.331095E7","96.0","1.0","72.0","No"
"315.0","21.0","bus_transmitter","2020-01-28 07:30:59","2.6756583E7","6.0","52.0","75.0","No"
"316.0","27.0","transformator","2020-04-09 18:55:56","1.4846316E7","44.0","53.0","70.0","Yes"
"317.0","12.0","single_motor_module","2020-08-26 13:06:05","2.8090363E7","78.0","77.0","144.0","No"
"318.0","30.0","active_interface_module","2021-12-05 03:10:39","8404060.0","1.0","55.0","83.0","No"
"319.0","28.0","double_motor_module","2021-03-12 14:29:48","2.4016909E7","8.0","84.0","117.0","Yes"
"320.0","28.0","ac_servo_synchronous_motor","2020-06-13 00:53:46","2.8330125E7","44.0","42.0","62.0","Yes"
"321.0","21.0","proportional_valve","2020-05-27 04:41:52","1.5568105E7","98.0","71.0","67.0","No"
"322.0","11.0","fuse_holder","2020-04-19 08:55:13","3178872.0","37.0","10.0","56.0","Yes"
"323.0","27.0","ac_servo_synchronous_motor","2020-05-01 18:30:32","2.7748328E7","14.0","33.0","149.0","Yes"
"324.0","9.0","sensor_angle","2021-05-25 00:54:01","2.9243856E7","10.0","66.0","36.0","No"
"325.0","9.0","repeater","2020-01-29 13:04:20","1.8099096E7","15.0","81.0","77.0","No"
"326.0","1.0","nh_fuse","2020-09-29 00:31:10","4754807.0","5.0","65.0","92.0","No"
"327.0","5.0","circuit_breaker_motor_protection","2020-01-10 12:58:41","2930613.0","36.0","43.0","136.0","No"
"328.0","14.0","repeater","2020-10-24 10:00:27","7793553.0","93.0","92.0","71.0","Yes"
"329.0","16.0","digital_output","2021-04-19 19:42:19","1.3555817E7","12.0","27.0","127.0","Yes"
"330.0","16.0","double_motor_module","2020-09-25 19:35:40","8837450.0","68.0","79.0","88.0","Yes"
"331.0","11.0","line_reactor","2020-01-30 17:25:05","1.3403363E7","20.0","40.0","78.0","No"
"332.0","4.0","proximity_sensor","2021-07-04 10:25:01","9948911.0","79.0","23.0","124.0","Yes"
"333.0","5.0","transformator","2021-08-20 06:33:51","2.6338032E7","16.0","37.0","41.0","Yes"
"334.0","7.0","transformator","2020-01-03 04:02:05","9011980.0","62.0","22.0","132.0","No"
"335.0","28.0","nh_fuse","2021-03-26 18:56:27","1.0685088E7","95.0","44.0","65.0","No"
"336.0","4.0","fan_motor","2021-03-29 15:33:41","2.5196505E7","73.0","8.0","107.0","Yes"
"337.0","3.0","single_motor_module","2020-10-31 12:24:12","3.1312581E7","66.0","21.0","74.0","No"
"338.0","20.0","proximity_magnetic_sensor","2020-06-29 07:54:05","3.1022216E7","29.0","49.0","116.0","Yes"
"339.0","25.0","auxiliary_switch_block","2020-10-07 03:56:09","1.014986E7","92.0","18.0","125.0","Yes"
"340.0","27.0","relay_emergency_block","2021-02-17 22:50:53","7012320.0","93.0","81.0","99.0","No"
"341.0","20.0","proportional_valve","2021-05-20 16:10:23","1.4265382E7","69.0","32.0","58.0","Yes"
"342.0","5.0","limit_switch","2021-07-09 00:39:56","4789940.0","38.0","46.0","73.0","Yes"
"343.0","2.0","digital_output","2021-09-05 18:33:21","2.0305491E7","52.0","87.0","55.0","Yes"
"344.0","3.0","switch_disconnector","2021-08-24 22:58:44","6248241.0","94.0","7.0","145.0","No"
"345.0","18.0","emergency_switch","2020-08-01 19:00:29","3.0722649E7","7.0","72.0","61.0","Yes"
"346.0","10.0","power_supply","2021-12-16 20:20:25","2.8369575E7","64.0","17.0","93.0","Yes"
"347.0","25.0","digital_output","2021-08-19 12:12:44","5467696.0","82.0","96.0","45.0","No"
"348.0","1.0","circuit_breaker_motor_protection","2020-10-26 15:29:26","2.2132626E7","13.0","65.0","32.0","No"
"349.0","26.0","emergency_switch","2020-05-14 03:40:03","5371850.0","98.0","90.0","101.0","No"
"350.0","27.0","active_line_module","2020-07-07 22:27:17","1.6584419E7","51.0","72.0","55.0","Yes"
"351.0","28.0","digital_input","2021-04-25 13:07:09","4862561.0","9.0","26.0","33.0","No"
"352.0","17.0","double_motor_module","2021-03-31 00:10:56","1.44108E7","95.0","22.0","30.0","No"
"353.0","10.0","digital_input","2020-09-05 00:01:17","4153869.0","24.0","14.0","145.0","No"
"354.0","27.0","proportional_valve","2020-02-01 23:01:08","3.1279122E7","17.0","48.0","136.0","Yes"
"355.0","29.0","transformator","2020-08-28 17:26:48","1.2183455E7","56.0","13.0","126.0","No"
"356.0","21.0","sensor_angle","2020-06-24 08:43:16","3.1351485E7","87.0","69.0","67.0","Yes"
"357.0","10.0","computer","2020-09-03 01:52:15","4911145.0","83.0","68.0","56.0","No"
"358.0","13.0","computer","2021-09-22 17:48:46","1.6616355E7","75.0","55.0","45.0","No"
"359.0","27.0","digital_input","2021-07-12 01:43:39","2.5775804E7","80.0","61.0","52.0","Yes"
"360.0","11.0","line_reactor","2021-02-24 01:07:14","4329403.0","70.0","30.0","68.0","Yes"
"361.0","7.0","computer","2020-02-06 03:19:11","7580202.0","21.0","78.0","86.0","No"
"362.0","30.0","analog_input","2021-10-09 20:47:50","2.6489757E7","83.0","25.0","52.0","No"
"363.0","7.0","proximity_magnetic_sensor","2020-12-22 10:36:33","2.1848824E7","14.0","31.0","74.0","Yes"
"364.0","15.0","single_motor_module","2020-12-14 00:57:29","2.4398506E7","33.0","36.0","74.0","Yes"
"365.0","11.0","circuit_breaker_motor_protection","2020-08-31 06:19:01","1.6094017E7","95.0","59.0","55.0","No"
"366.0","21.0","fuse_holder","2021-08-03 23:27:52","1.5640793E7","49.0","20.0","74.0","Yes"
"367.0","24.0","double_motor_module","2021-03-22 05:56:05","1.7917108E7","81.0","45.0","143.0","Yes"
"368.0","17.0","single_motor_module","2020-08-05 23:59:12","2.4785502E7","15.0","71.0","106.0","Yes"
"369.0","11.0","selenoid_valve","2020-03-26 05:54:05","1.7941316E7","91.0","27.0","36.0","No"
"370.0","5.0","switch_disconnector","2020-06-17 00:50:13","2.4906902E7","63.0","89.0","105.0","No"
"371.0","1.0","single_motor_module","2020-12-05 20:34:45","2.5340838E7","81.0","57.0","103.0","No"
"372.0","28.0","selenoid_valve","2020-12-12 00:06:57","1.8234174E7","93.0","32.0","71.0","No"
"373.0","7.0","analog_input","2021-08-16 17:19:29","1.1808233E7","42.0","54.0","92.0","No"
"374.0","29.0","air_conditioner_panel","2021-09-09 20:29:34","3576392.0","43.0","87.0","114.0","No"
"375.0","14.0","switch_disconnector","2021-06-04 11:21:58","7818144.0","28.0","38.0","75.0","Yes"
"376.0","5.0","active_line_module","2020-04-14 18:59:30","1.3234128E7","40.0","58.0","77.0","No"
"377.0","25.0","analog_input","2021-05-05 04:03:49","1.1304893E7","61.0","17.0","146.0","No"
"378.0","2.0","air_conditioner_panel","2021-12-15 03:01:38","1.3715787E7","74.0","24.0","124.0","No"
"379.0","29.0","interface_module","2021-09-28 03:59:43","2825525.0","39.0","27.0","42.0","Yes"
"380.0","7.0","selenoid_valve","2020-02-21 16:32:29","4703151.0","49.0","72.0","104.0","Yes"
"381.0","4.0","control_module_profibus","2021-12-06 03:36:51","1.5447598E7","12.0","95.0","105.0","Yes"
"382.0","25.0","control_module_profibus","2020-10-05 02:33:46","5064711.0","37.0","98.0","64.0","No"
"383.0","21.0","single_motor_module","2021-05-26 06:20:12","2.5591107E7","10.0","32.0","148.0","No"
"384.0","31.0","control_unit","2021-02-23 18:14:34","2.8233071E7","65.0","100.0","38.0","No"
"385.0","2.0","proximity_sensor","2020-11-24 14:15:39","4347759.0","80.0","28.0","133.0","No"
"386.0","12.0","single_motor_module","2020-02-11 09:37:56","9674463.0","78.0","44.0","105.0","No"
"387.0","12.0","interface_module","2020-11-09 03:52:10","1.4856247E7","9.0","29.0","63.0","Yes"
"388.0","3.0","sensor_angle","2020-02-25 14:25:58","1.0864417E7","72.0","53.0","74.0","Yes"
"389.0","6.0","nh_fuse","2020-12-02 01:13:09","1.7329795E7","75.0","11.0","108.0","Yes"
"390.0","14.0","emergency_switch","2020-05-30 11:33:50","2.0778242E7","9.0","55.0","105.0","No"
"391.0","21.0","line_reactor","2020-05-13 14:49:24","1.7295509E7","40.0","62.0","100.0","Yes"
"392.0","25.0","encoder","2021-04-13 19:12:58","3496800.0","77.0","61.0","37.0","Yes"
"393.0","5.0","sensor_angle","2020-09-27 08:39:31","7926609.0","42.0","4.0","83.0","Yes"
"394.0","20.0","contactor","2021-02-19 03:15:56","3180969.0","56.0","12.0","138.0","Yes"
"395.0","21.0","power_supply","2021-11-15 18:57:31","4483378.0","78.0","17.0","60.0","Yes"
"396.0","15.0","circuit_breaker_motor_protection","2020-05-25 13:54:59","2.786186E7","61.0","44.0","135.0","No"
"397.0","11.0","sensor_reflex","2021-06-07 05:25:02","1.5882834E7","82.0","35.0","36.0","No"
"398.0","26.0","air_conditioner_panel","2021-08-30 10:28:26","1.828893E7","66.0","46.0","87.0","No"
"399.0","25.0","ac_induction_motor","2020-08-14 00:54:01","8869533.0","75.0","91.0","116.0","Yes"
"400.0","23.0","air_conditioner_panel","2021-03-17 19:14:07","2.4489206E7","30.0","74.0","62.0","Yes"
"401.0","31.0","transformator","2021-03-27 21:48:07","1.2868189E7","69.0","52.0","76.0","Yes"
"402.0","18.0","relay_emergency_block","2020-06-18 09:34:43","2.9260168E7","78.0","48.0","79.0","No"
"403.0","22.0","encoder","2021-02-25 05:23:04","1.4148891E7","13.0","41.0","119.0","Yes"
"404.0","18.0","gearbox","2021-01-10 05:47:40","2.41644E7","78.0","47.0","85.0","Yes"
"405.0","3.0","digital_output","2020-10-06 06:32:46","9929321.0","12.0","9.0","127.0","No"
"406.0","26.0","ac_servo_synchronous_motor","2020-06-22 01:00:34","2.2895285E7","52.0","99.0","49.0","No"
"407.0","18.0","double_motor_module","2021-07-25 10:03:10","5096278.0","20.0","4.0","111.0","Yes"
"408.0","11.0","active_line_module","2021-07-29 13:48:23","8990828.0","46.0","20.0","111.0","No"
"409.0","21.0","proportional_valve","2020-04-16 05:17:36","2.7657516E7","4.0","6.0","67.0","No"
"410.0","31.0","digital_output","2020-01-17 14:44:30","2.7140163E7","67.0","3.0","64.0","Yes"
"411.0","21.0","analog_output","2020-08-02 00:00:15","1.3320872E7","92.0","35.0","115.0","Yes"
"412.0","9.0","ac_servo_synchronous_motor","2020-10-11 07:26:37","2.5136883E7","52.0","11.0","126.0","No"
"413.0","14.0","relay_emergency_block","2021-08-25 21:12:58","1.8319175E7","65.0","34.0","138.0","No"
"414.0","21.0","control_unit","2020-11-27 10:34:36","2.9128798E7","31.0","44.0","70.0","Yes"
"415.0","16.0","repeater","2020-08-22 00:45:30","2.5502958E7","55.0","31.0","73.0","Yes"
"416.0","17.0","switch_disconnector","2021-11-02 12:14:28","3.0730901E7","1.0","85.0","78.0","Yes"
"417.0","13.0","sensor_reflex","2021-07-28 13:11:40","2.9247832E7","51.0","44.0","73.0","Yes"
"418.0","26.0","digital_output","2020-02-07 20:24:15","1.830272E7","96.0","29.0","84.0","Yes"
"419.0","6.0","sensor_reflex","2020-05-02 02:08:05","2.4217535E7","80.0","13.0","55.0","No"
"420.0","23.0","ac_induction_motor","2020-05-06 15:36:57","5693143.0","29.0","79.0","93.0","No"
"421.0","3.0","control_module_profibus","2020-07-15 15:53:45","1.6386743E7","50.0","14.0","77.0","No"
"422.0","8.0","digital_output","2020-08-21 15:21:53","3.004987E7","30.0","52.0","100.0","No"
"423.0","15.0","interface_module","2020-07-12 08:49:12","3699071.0","92.0","51.0","107.0","No"
"424.0","10.0","digital_input","2020-01-21 00:06:08","2.7665994E7","97.0","79.0","30.0","Yes"
"425.0","27.0","fan_motor","2021-08-28 06:34:27","2965015.0","36.0","40.0","97.0","No"
"426.0","11.0","interface_module","2021-07-10 20:20:45","1.0925749E7","50.0","30.0","127.0","Yes"
"427.0","17.0","proximity_sensor","2020-11-10 22:15:51","2.1833091E7","50.0","41.0","43.0","Yes"
"428.0","26.0","fan_motor","2020-09-22 20:58:37","6029595.0","43.0","46.0","148.0","Yes"
"429.0","12.0","line_reactor","2021-09-06 23:32:34","1.9714235E7","7.0","19.0","40.0","No"
"430.0","10.0","auxiliary_switch_block","2020-10-23 11:23:39","2.5881643E7","31.0","17.0","100.0","Yes"
"431.0","9.0","fuse_holder","2020-08-11 23:59:28","2.1120058E7","26.0","36.0","59.0","Yes"
"432.0","8.0","single_motor_module","2021-01-12 16:36:16","2.4677292E7","18.0","49.0","121.0","Yes"
"433.0","31.0","nh_fuse","2021-09-09 16:04:08","2.8074879E7","94.0","70.0","63.0","Yes"
"434.0","29.0","digital_output","2020-11-03 20:19:30","2726191.0","97.0","26.0","104.0","No"
"435.0","20.0","gearbox","2021-03-20 08:25:42","6854285.0","91.0","68.0","41.0","No"
"436.0","17.0","auxiliary_switch_block","2020-01-28 06:18:16","1.7999425E7","93.0","71.0","126.0","Yes"
"437.0","29.0","contactor","2020-08-11 16:17:47","1.1747217E7","57.0","6.0","80.0","Yes"
"438.0","16.0","fan_motor","2020-01-24 23:41:20","2.2521824E7","10.0","7.0","113.0","No"
"439.0","28.0","power_supply","2021-07-20 07:25:18","1.5772017E7","70.0","28.0","43.0","Yes"
"440.0","20.0","line_reactor","2021-08-03 15:46:22","1.955488E7","50.0","68.0","116.0","Yes"
"441.0","13.0","digital_output","2021-07-31 08:02:12","1.5324717E7","10.0","19.0","30.0","No"
"442.0","25.0","encoder","2020-11-14 00:02:26","3796005.0","6.0","24.0","149.0","No"
"443.0","25.0","ac_induction_motor","2020-03-03 14:04:55","1.9589283E7","66.0","25.0","93.0","No"
"444.0","29.0","proximity_sensor","2021-03-21 01:59:23","1.4557241E7","61.0","67.0","98.0","Yes"
"445.0","12.0","analog_input","2020-06-09 20:09:48","2.5597677E7","32.0","95.0","143.0","Yes"
"446.0","27.0","analog_output","2021-02-13 20:56:37","2.7551672E7","26.0","76.0","124.0","No"
"447.0","26.0","computer","2021-05-02 09:02:33","2.2641795E7","51.0","64.0","136.0","No"
"448.0","3.0","line_reactor","2021-01-21 04:31:42","2.4354916E7","65.0","59.0","46.0","Yes"
"449.0","12.0","bus_transmitter","2020-08-31 03:31:13","1.7461524E7","78.0","42.0","120.0","No"
"450.0","7.0","single_motor_module","2020-11-29 09:17:10","4551374.0","59.0","61.0","98.0","No"
"451.0","31.0","power_supply","2020-05-04 01:46:24","1.7135955E7","90.0","59.0","69.0","Yes"
"452.0","21.0","circuit_breaker_motor_protection","2020-02-06 07:47:44","3.1475308E7","26.0","88.0","90.0","No"
"453.0","13.0","double_motor_module","2021-07-08 04:43:48","2.4981417E7","65.0","58.0","93.0","Yes"
"454.0","4.0","power_supply","2021-04-03 21:17:35","1.5099149E7","38.0","73.0","94.0","No"
"455.0","24.0","control_module_profibus","2021-05-30 09:25:13","2.888858E7","78.0","51.0","84.0","Yes"
"456.0","13.0","repeater","2021-02-07 01:53:18","7318781.0","15.0","26.0","44.0","No"
"457.0","26.0","nh_fuse","2021-09-28 22:16:29","1.98007E7","35.0","96.0","33.0","No"
"458.0","9.0","analog_output","2020-11-06 19:22:50","1.5847402E7","46.0","95.0","55.0","Yes"
"459.0","9.0","analog_output","2020-01-01 06:01:30","1.3795544E7","90.0","48.0","81.0","Yes"
"460.0","2.0","circuit_breaker_motor_protection","2020-03-25 22:36:58","2.9714602E7","47.0","80.0","73.0","No"
"461.0","26.0","control_unit","2021-07-10 12:22:50","4457815.0","41.0","51.0","109.0","No"
"462.0","31.0","single_motor_module","2021-07-30 21:55:55","2.777667E7","1.0","39.0","101.0","No"
"463.0","27.0","ac_servo_synchronous_motor","2021-07-03 15:51:42","2.6226063E7","67.0","31.0","138.0","No"
"464.0","12.0","fan_motor","2021-03-15 17:33:56","2.1447007E7","88.0","59.0","95.0","Yes"
"465.0","15.0","relay_emergency_block","2021-03-16 05:57:09","5726842.0","9.0","91.0","101.0","Yes"
"466.0","12.0","line_reactor","2020-05-06 10:44:25","9192061.0","5.0","2.0","60.0","No"
"467.0","8.0","interface_module","2020-02-14 08:08:10","6806276.0","91.0","27.0","113.0","Yes"
"468.0","21.0","line_reactor","2020-08-16 05:53:08","4721036.0","2.0","8.0","84.0","No"
"469.0","3.0","sensor_reflex","2021-11-25 01:16:04","1.5375149E7","4.0","5.0","101.0","No"
"470.0","29.0","digital_output","2021-10-15 04:54:52","1.3100111E7","83.0","96.0","150.0","No"
"471.0","28.0","nh_fuse","2020-03-25 03:58:46","1.2699898E7","79.0","48.0","84.0","Yes"
"472.0","11.0","fan_motor","2020-12-12 16:59:19","2.331813E7","5.0","58.0","108.0","Yes"
"473.0","17.0","ac_induction_motor","2021-12-05 00:26:27","2.6357836E7","23.0","59.0","139.0","No"
"474.0","11.0","double_motor_module","2021-08-08 06:12:08","4696577.0","38.0","54.0","124.0","Yes"
"475.0","17.0","emergency_switch","2020-03-12 13:17:46","1.2910036E7","88.0","34.0","54.0","Yes"
"476.0","8.0","fuse_holder","2020-07-17 22:16:15","1.7059356E7","38.0","80.0","71.0","Yes"
"477.0","9.0","sensor_module_cabinet","2021-04-27 03:41:09","1.5449513E7","6.0","52.0","84.0","No"
"478.0","9.0","auxiliary_switch_block","2021-04-25 03:37:14","8683156.0","77.0","50.0","80.0","Yes"
"479.0","26.0","circuit_breaker_motor_protection","2020-01-07 14:21:43","3.0841759E7","59.0","30.0","102.0","No"
"480.0","6.0","air_conditioner_panel","2020-08-26 07:58:26","2.1301618E7","27.0","7.0","95.0","Yes"
"481.0","5.0","output_interface","2020-03-18 10:02:52","2.7263715E7","48.0","18.0","77.0","No"
"482.0","31.0","output_interface","2021-02-24 14:42:36","1.4212062E7","23.0","18.0","74.0","Yes"
"483.0","24.0","analog_output","2021-04-17 09:58:08","2.7648863E7","6.0","1.0","138.0","Yes"
"484.0","19.0","analog_output","2020-07-01 10:38:52","1.0068018E7","8.0","19.0","43.0","No"
"485.0","17.0","sensor_reflex","2020-04-24 10:27:40","2.0754021E7","64.0","28.0","78.0","No"
"486.0","24.0","proximity_magnetic_sensor","2020-02-04 00:00:37","8032752.0","50.0","98.0","145.0","Yes"
"487.0","22.0","analog_output","2021-01-28 15:20:25","1.9935746E7","60.0","78.0","42.0","Yes"
"488.0","27.0","line_reactor","2020-08-15 16:08:27","1.034649E7","17.0","41.0","136.0","Yes"
"489.0","5.0","limit_switch","2021-05-01 04:19:40","2.6835256E7","49.0","6.0","120.0","No"
"490.0","24.0","ac_induction_motor","2021-05-14 12:22:55","4933062.0","68.0","93.0","135.0","Yes"
"491.0","30.0","repeater","2020-10-10 23:37:25","1.7167325E7","34.0","96.0","115.0","Yes"
"492.0","13.0","digital_output","2020-05-22 16:18:53","2.4339014E7","48.0","79.0","149.0","No"
"493.0","11.0","air_conditioner_panel","2021-12-24 14:00:37","2.0253403E7","76.0","3.0","127.0","Yes"
"494.0","9.0","nh_fuse","2021-11-29 10:11:36","2.8618014E7","43.0","93.0","145.0","No"
"495.0","19.0","fan_motor","2021-01-29 00:04:14","5696289.0","42.0","67.0","114.0","No"
"496.0","13.0","air_conditioner_panel","2021-05-24 00:37:44","2.8248936E7","40.0","6.0","69.0","No"
"497.0","2.0","control_module_profibus","2021-04-06 10:08:37","2.1584307E7","22.0","33.0","55.0","No"
"498.0","5.0","nh_fuse","2020-02-05 08:06:36","2.4283977E7","79.0","51.0","134.0","No"
"499.0","4.0","single_motor_module","2021-11-25 12:51:19","8614521.0","53.0","16.0","48.0","No"
"500.0","14.0","computer","2021-01-18 06:27:53","2.8842913E7","17.0","77.0","144.0","No"
